EmpName,Phone Number,Address,Email ID
Logan Forbes,(02) 6792 2540,"89 Rimbanda Road
GIBRALTAR RANGE NSW 2370 ","LoganForbes@dayrep.com 
This is a real email address. Click here to activate it!"
Sean Truman,(03) 5379 0406,"80 Romawi Road
HOLLANDS LANDING VIC 3875 ","SeanTruman@rhyta.com 
This is a real email address. Click here to activate it!"
Rory Fleming,(03) 5335 7701,"23 Frouds Road
TOORLOO ARM VIC 3909 ","RoryFleming@teleworm.us 
This is a real email address. Click here to activate it!"
Jacob Chomley,(07) 3129 3435,"16 Tanner Street
BUNDABERG CENTRAL QLD 4670 ","JacobChomley@teleworm.us 
This is a real email address. Click here to activate it!"
Alexander Putilin,(03) 6236 0670,"45 Quoin Road
EDDYSTONE POINT TAS 7264 ","AlexanderPutilin@teleworm.us 
This is a real email address. Click here to activate it!"
Elijah Gadsden,(08) 9096 2935,"34 Stillwater Avenue
OAKAJEE WA 6532 ","ElijahGadsden@armyspy.com 
This is a real email address. Click here to activate it!"
Max Keast,(07) 4090 6983,"40 Chapel Close
FRESHWATER QLD 4870 ","MaxKeast@dayrep.com 
This is a real email address. Click here to activate it!"
Zachary Mewton-Wood,(07) 4550 6123,"66 Boonah Qld
LOWER CRESSBROOK QLD 4313 ","ZacharyMewton-Wood@rhyta.com 
This is a real email address. Click here to activate it!"
Dominic Conrick,(03) 5353 1329,"30 Bourke Crescent
MIGA LAKE VIC 3409 ","DominicConrick@armyspy.com 
This is a real email address. Click here to activate it!"
Dominic Conrick,(03) 5353 1329,"30 Bourke Crescent
MIGA LAKE VIC 3409 ","DominicConrick@armyspy.com 
This is a real email address. Click here to activate it!"
